,hack_license,hack_license,medallion,medallion,passenger_count,passenger_count
,trip_distance,trip_time_in_secs,trip_distance,trip_time_in_secs,trip_distance,trip_time_in_secs
,,,,,,
0,91.71521711349487,86.78391909599304,74.32802200317383,73.98343801498413,12.468966960906982,13.157532215118408
1,44.97312092781067,42.94735407829285,36.196290016174316,37.58305501937866,6.836060047149658,6.923314094543457
2,25.426663160324097,25.76474404335022,20.9205060005188,21.195415019989014,4.347145080566406,4.331521987915039
3,15.307407855987549,15.258728981018066,12.501447916030884,12.468003034591675,2.553830862045288,2.6433238983154297
4,10.444705963134766,9.961817979812622,8.482564926147461,8.416981935501099,1.7489240169525146,1.863090991973877
5,10.56527590751648,10.069611072540283,8.199266195297241,7.129216909408569,1.5898361206054688,1.6856467723846436
